species_id,pollinator_field,current_value,gap_type,required_evidence,review_status,score_impact
BCNPPD-0001,bloom_period,Unknown,pollinator_field_needs_review,Accepted source-attributed evidence is required before this field can become a candidate claim or score input.,needs_review,Blocks PSI readiness.
BCNPPD-0001,floral_resources,Unknown,pollinator_field_needs_review,Accepted source-attributed evidence is required before this field can become a candidate claim or score input.,needs_review,Blocks PSI readiness.
BCNPPD-0001,native_bee_support,Unknown,pollinator_field_needs_review,Accepted source-attributed evidence is required before this field can become a candidate claim or score input.,needs_review,Blocks PSI readiness.
BCNPPD-0001,butterfly_support,Unknown,pollinator_field_needs_review,Accepted source-attributed evidence is required before this field can become a candidate claim or score input.,needs_review,Blocks PSI readiness.
BCNPPD-0001,hummingbird_support,Unknown,pollinator_field_needs_review,Accepted source-attributed evidence is required before this field can become a candidate claim or score input.,needs_review,Blocks PSI readiness.
BCNPPD-0001,specialist_relationships,Unknown,pollinator_field_needs_review,Accepted source-attributed evidence is required before this field can become a candidate claim or score input.,needs_review,Blocks PSI readiness.
BCNPPD-0001,larval_host_use,Unknown,pollinator_field_needs_review,Accepted source-attributed evidence is required before this field can become a candidate claim or score input.,needs_review,Blocks PSI readiness.
BCNPPD-0002,bloom_period,Unknown,pollinator_field_needs_review,Accepted source-attributed evidence is required before this field can become a candidate claim or score input.,needs_review,Blocks PSI readiness.
BCNPPD-0002,floral_resources,Unknown,pollinator_field_needs_review,Accepted source-attributed evidence is required before this field can become a candidate claim or score input.,needs_review,Blocks PSI readiness.
BCNPPD-0002,native_bee_support,Unknown,pollinator_field_needs_review,Accepted source-attributed evidence is required before this field can become a candidate claim or score input.,needs_review,Blocks PSI readiness.
BCNPPD-0002,butterfly_support,Unknown,pollinator_field_needs_review,Accepted source-attributed evidence is required before this field can become a candidate claim or score input.,needs_review,Blocks PSI readiness.
BCNPPD-0002,hummingbird_support,Unknown,pollinator_field_needs_review,Accepted source-attributed evidence is required before this field can become a candidate claim or score input.,needs_review,Blocks PSI readiness.
BCNPPD-0002,specialist_relationships,Unknown,pollinator_field_needs_review,Accepted source-attributed evidence is required before this field can become a candidate claim or score input.,needs_review,Blocks PSI readiness.
BCNPPD-0002,larval_host_use,Unknown,pollinator_field_needs_review,Accepted source-attributed evidence is required before this field can become a candidate claim or score input.,needs_review,Blocks PSI readiness.
BCNPPD-0003,bloom_period,Unknown,pollinator_field_needs_review,Accepted source-attributed evidence is required before this field can become a candidate claim or score input.,needs_review,Blocks PSI readiness.
BCNPPD-0003,floral_resources,Unknown,pollinator_field_needs_review,Accepted source-attributed evidence is required before this field can become a candidate claim or score input.,needs_review,Blocks PSI readiness.
BCNPPD-0003,native_bee_support,Unknown,pollinator_field_needs_review,Accepted source-attributed evidence is required before this field can become a candidate claim or score input.,needs_review,Blocks PSI readiness.
BCNPPD-0003,butterfly_support,Unknown,pollinator_field_needs_review,Accepted source-attributed evidence is required before this field can become a candidate claim or score input.,needs_review,Blocks PSI readiness.
BCNPPD-0003,hummingbird_support,Unknown,pollinator_field_needs_review,Accepted source-attributed evidence is required before this field can become a candidate claim or score input.,needs_review,Blocks PSI readiness.
BCNPPD-0003,specialist_relationships,Unknown,pollinator_field_needs_review,Accepted source-attributed evidence is required before this field can become a candidate claim or score input.,needs_review,Blocks PSI readiness.
BCNPPD-0003,larval_host_use,Unknown,pollinator_field_needs_review,Accepted source-attributed evidence is required before this field can become a candidate claim or score input.,needs_review,Blocks PSI readiness.
BCNPPD-0004,bloom_period,Unknown,pollinator_field_needs_review,Accepted source-attributed evidence is required before this field can become a candidate claim or score input.,needs_review,Blocks PSI readiness.
BCNPPD-0004,floral_resources,Unknown,pollinator_field_needs_review,Accepted source-attributed evidence is required before this field can become a candidate claim or score input.,needs_review,Blocks PSI readiness.
BCNPPD-0004,native_bee_support,Unknown,pollinator_field_needs_review,Accepted source-attributed evidence is required before this field can become a candidate claim or score input.,needs_review,Blocks PSI readiness.
BCNPPD-0004,butterfly_support,Unknown,pollinator_field_needs_review,Accepted source-attributed evidence is required before this field can become a candidate claim or score input.,needs_review,Blocks PSI readiness.
BCNPPD-0004,hummingbird_support,Unknown,pollinator_field_needs_review,Accepted source-attributed evidence is required before this field can become a candidate claim or score input.,needs_review,Blocks PSI readiness.
BCNPPD-0004,specialist_relationships,Unknown,pollinator_field_needs_review,Accepted source-attributed evidence is required before this field can become a candidate claim or score input.,needs_review,Blocks PSI readiness.
BCNPPD-0004,larval_host_use,Unknown,pollinator_field_needs_review,Accepted source-attributed evidence is required before this field can become a candidate claim or score input.,needs_review,Blocks PSI readiness.
BCNPPD-0005,bloom_period,Unknown,pollinator_field_needs_review,Accepted source-attributed evidence is required before this field can become a candidate claim or score input.,needs_review,Blocks PSI readiness.
BCNPPD-0005,floral_resources,Unknown,pollinator_field_needs_review,Accepted source-attributed evidence is required before this field can become a candidate claim or score input.,needs_review,Blocks PSI readiness.
BCNPPD-0005,native_bee_support,Unknown,pollinator_field_needs_review,Accepted source-attributed evidence is required before this field can become a candidate claim or score input.,needs_review,Blocks PSI readiness.
BCNPPD-0005,butterfly_support,Unknown,pollinator_field_needs_review,Accepted source-attributed evidence is required before this field can become a candidate claim or score input.,needs_review,Blocks PSI readiness.
BCNPPD-0005,hummingbird_support,Unknown,pollinator_field_needs_review,Accepted source-attributed evidence is required before this field can become a candidate claim or score input.,needs_review,Blocks PSI readiness.
BCNPPD-0005,specialist_relationships,Unknown,pollinator_field_needs_review,Accepted source-attributed evidence is required before this field can become a candidate claim or score input.,needs_review,Blocks PSI readiness.
BCNPPD-0005,larval_host_use,Unknown,pollinator_field_needs_review,Accepted source-attributed evidence is required before this field can become a candidate claim or score input.,needs_review,Blocks PSI readiness.
BCNPPD-0006,bloom_period,Unknown,pollinator_field_needs_review,Accepted source-attributed evidence is required before this field can become a candidate claim or score input.,needs_review,Blocks PSI readiness.
BCNPPD-0006,floral_resources,Unknown,pollinator_field_needs_review,Accepted source-attributed evidence is required before this field can become a candidate claim or score input.,needs_review,Blocks PSI readiness.
BCNPPD-0006,native_bee_support,Unknown,pollinator_field_needs_review,Accepted source-attributed evidence is required before this field can become a candidate claim or score input.,needs_review,Blocks PSI readiness.
BCNPPD-0006,butterfly_support,Unknown,pollinator_field_needs_review,Accepted source-attributed evidence is required before this field can become a candidate claim or score input.,needs_review,Blocks PSI readiness.
BCNPPD-0006,hummingbird_support,Unknown,pollinator_field_needs_review,Accepted source-attributed evidence is required before this field can become a candidate claim or score input.,needs_review,Blocks PSI readiness.
BCNPPD-0006,specialist_relationships,Unknown,pollinator_field_needs_review,Accepted source-attributed evidence is required before this field can become a candidate claim or score input.,needs_review,Blocks PSI readiness.
BCNPPD-0006,larval_host_use,Unknown,pollinator_field_needs_review,Accepted source-attributed evidence is required before this field can become a candidate claim or score input.,needs_review,Blocks PSI readiness.
BCNPPD-0007,bloom_period,Unknown,pollinator_field_needs_review,Accepted source-attributed evidence is required before this field can become a candidate claim or score input.,needs_review,Blocks PSI readiness.
BCNPPD-0007,floral_resources,Unknown,pollinator_field_needs_review,Accepted source-attributed evidence is required before this field can become a candidate claim or score input.,needs_review,Blocks PSI readiness.
BCNPPD-0007,native_bee_support,Unknown,pollinator_field_needs_review,Accepted source-attributed evidence is required before this field can become a candidate claim or score input.,needs_review,Blocks PSI readiness.
BCNPPD-0007,butterfly_support,Unknown,pollinator_field_needs_review,Accepted source-attributed evidence is required before this field can become a candidate claim or score input.,needs_review,Blocks PSI readiness.
BCNPPD-0007,hummingbird_support,Unknown,pollinator_field_needs_review,Accepted source-attributed evidence is required before this field can become a candidate claim or score input.,needs_review,Blocks PSI readiness.
BCNPPD-0007,specialist_relationships,Unknown,pollinator_field_needs_review,Accepted source-attributed evidence is required before this field can become a candidate claim or score input.,needs_review,Blocks PSI readiness.
BCNPPD-0007,larval_host_use,Unknown,pollinator_field_needs_review,Accepted source-attributed evidence is required before this field can become a candidate claim or score input.,needs_review,Blocks PSI readiness.
BCNPPD-0008,bloom_period,Unknown,pollinator_field_needs_review,Accepted source-attributed evidence is required before this field can become a candidate claim or score input.,needs_review,Blocks PSI readiness.
BCNPPD-0008,floral_resources,Unknown,pollinator_field_needs_review,Accepted source-attributed evidence is required before this field can become a candidate claim or score input.,needs_review,Blocks PSI readiness.
BCNPPD-0008,native_bee_support,Unknown,pollinator_field_needs_review,Accepted source-attributed evidence is required before this field can become a candidate claim or score input.,needs_review,Blocks PSI readiness.
BCNPPD-0008,butterfly_support,Unknown,pollinator_field_needs_review,Accepted source-attributed evidence is required before this field can become a candidate claim or score input.,needs_review,Blocks PSI readiness.
BCNPPD-0008,hummingbird_support,Unknown,pollinator_field_needs_review,Accepted source-attributed evidence is required before this field can become a candidate claim or score input.,needs_review,Blocks PSI readiness.
BCNPPD-0008,specialist_relationships,Unknown,pollinator_field_needs_review,Accepted source-attributed evidence is required before this field can become a candidate claim or score input.,needs_review,Blocks PSI readiness.
BCNPPD-0008,larval_host_use,Unknown,pollinator_field_needs_review,Accepted source-attributed evidence is required before this field can become a candidate claim or score input.,needs_review,Blocks PSI readiness.
BCNPPD-0009,bloom_period,Unknown,pollinator_field_needs_review,Accepted source-attributed evidence is required before this field can become a candidate claim or score input.,needs_review,Blocks PSI readiness.
BCNPPD-0009,floral_resources,Unknown,pollinator_field_needs_review,Accepted source-attributed evidence is required before this field can become a candidate claim or score input.,needs_review,Blocks PSI readiness.
BCNPPD-0009,native_bee_support,Unknown,pollinator_field_needs_review,Accepted source-attributed evidence is required before this field can become a candidate claim or score input.,needs_review,Blocks PSI readiness.
BCNPPD-0009,butterfly_support,Unknown,pollinator_field_needs_review,Accepted source-attributed evidence is required before this field can become a candidate claim or score input.,needs_review,Blocks PSI readiness.
BCNPPD-0009,hummingbird_support,Unknown,pollinator_field_needs_review,Accepted source-attributed evidence is required before this field can become a candidate claim or score input.,needs_review,Blocks PSI readiness.
BCNPPD-0009,specialist_relationships,Unknown,pollinator_field_needs_review,Accepted source-attributed evidence is required before this field can become a candidate claim or score input.,needs_review,Blocks PSI readiness.
BCNPPD-0009,larval_host_use,Unknown,pollinator_field_needs_review,Accepted source-attributed evidence is required before this field can become a candidate claim or score input.,needs_review,Blocks PSI readiness.
BCNPPD-0010,bloom_period,Unknown,pollinator_field_needs_review,Accepted source-attributed evidence is required before this field can become a candidate claim or score input.,needs_review,Blocks PSI readiness.
BCNPPD-0010,floral_resources,Unknown,pollinator_field_needs_review,Accepted source-attributed evidence is required before this field can become a candidate claim or score input.,needs_review,Blocks PSI readiness.
BCNPPD-0010,native_bee_support,Unknown,pollinator_field_needs_review,Accepted source-attributed evidence is required before this field can become a candidate claim or score input.,needs_review,Blocks PSI readiness.
BCNPPD-0010,butterfly_support,Unknown,pollinator_field_needs_review,Accepted source-attributed evidence is required before this field can become a candidate claim or score input.,needs_review,Blocks PSI readiness.
BCNPPD-0010,hummingbird_support,Unknown,pollinator_field_needs_review,Accepted source-attributed evidence is required before this field can become a candidate claim or score input.,needs_review,Blocks PSI readiness.
BCNPPD-0010,specialist_relationships,Unknown,pollinator_field_needs_review,Accepted source-attributed evidence is required before this field can become a candidate claim or score input.,needs_review,Blocks PSI readiness.
BCNPPD-0010,larval_host_use,Unknown,pollinator_field_needs_review,Accepted source-attributed evidence is required before this field can become a candidate claim or score input.,needs_review,Blocks PSI readiness.
BCNPPD-0011,bloom_period,Unknown,pollinator_field_needs_review,Accepted source-attributed evidence is required before this field can become a candidate claim or score input.,needs_review,Blocks PSI readiness.
BCNPPD-0011,floral_resources,Unknown,pollinator_field_needs_review,Accepted source-attributed evidence is required before this field can become a candidate claim or score input.,needs_review,Blocks PSI readiness.
BCNPPD-0011,native_bee_support,Unknown,pollinator_field_needs_review,Accepted source-attributed evidence is required before this field can become a candidate claim or score input.,needs_review,Blocks PSI readiness.
BCNPPD-0011,butterfly_support,Unknown,pollinator_field_needs_review,Accepted source-attributed evidence is required before this field can become a candidate claim or score input.,needs_review,Blocks PSI readiness.
BCNPPD-0011,hummingbird_support,Unknown,pollinator_field_needs_review,Accepted source-attributed evidence is required before this field can become a candidate claim or score input.,needs_review,Blocks PSI readiness.
BCNPPD-0011,specialist_relationships,Unknown,pollinator_field_needs_review,Accepted source-attributed evidence is required before this field can become a candidate claim or score input.,needs_review,Blocks PSI readiness.
BCNPPD-0011,larval_host_use,Unknown,pollinator_field_needs_review,Accepted source-attributed evidence is required before this field can become a candidate claim or score input.,needs_review,Blocks PSI readiness.
BCNPPD-0012,bloom_period,Unknown,pollinator_field_needs_review,Accepted source-attributed evidence is required before this field can become a candidate claim or score input.,needs_review,Blocks PSI readiness.
BCNPPD-0012,floral_resources,Unknown,pollinator_field_needs_review,Accepted source-attributed evidence is required before this field can become a candidate claim or score input.,needs_review,Blocks PSI readiness.
BCNPPD-0012,native_bee_support,Unknown,pollinator_field_needs_review,Accepted source-attributed evidence is required before this field can become a candidate claim or score input.,needs_review,Blocks PSI readiness.
BCNPPD-0012,butterfly_support,Unknown,pollinator_field_needs_review,Accepted source-attributed evidence is required before this field can become a candidate claim or score input.,needs_review,Blocks PSI readiness.
BCNPPD-0012,hummingbird_support,Unknown,pollinator_field_needs_review,Accepted source-attributed evidence is required before this field can become a candidate claim or score input.,needs_review,Blocks PSI readiness.
BCNPPD-0012,specialist_relationships,Unknown,pollinator_field_needs_review,Accepted source-attributed evidence is required before this field can become a candidate claim or score input.,needs_review,Blocks PSI readiness.
BCNPPD-0012,larval_host_use,Unknown,pollinator_field_needs_review,Accepted source-attributed evidence is required before this field can become a candidate claim or score input.,needs_review,Blocks PSI readiness.
BCNPPD-0013,bloom_period,Unknown,pollinator_field_needs_review,Accepted source-attributed evidence is required before this field can become a candidate claim or score input.,needs_review,Blocks PSI readiness.
BCNPPD-0013,floral_resources,Unknown,pollinator_field_needs_review,Accepted source-attributed evidence is required before this field can become a candidate claim or score input.,needs_review,Blocks PSI readiness.
BCNPPD-0013,native_bee_support,Unknown,pollinator_field_needs_review,Accepted source-attributed evidence is required before this field can become a candidate claim or score input.,needs_review,Blocks PSI readiness.
BCNPPD-0013,butterfly_support,Unknown,pollinator_field_needs_review,Accepted source-attributed evidence is required before this field can become a candidate claim or score input.,needs_review,Blocks PSI readiness.
BCNPPD-0013,hummingbird_support,Unknown,pollinator_field_needs_review,Accepted source-attributed evidence is required before this field can become a candidate claim or score input.,needs_review,Blocks PSI readiness.
BCNPPD-0013,specialist_relationships,Unknown,pollinator_field_needs_review,Accepted source-attributed evidence is required before this field can become a candidate claim or score input.,needs_review,Blocks PSI readiness.
BCNPPD-0013,larval_host_use,Unknown,pollinator_field_needs_review,Accepted source-attributed evidence is required before this field can become a candidate claim or score input.,needs_review,Blocks PSI readiness.
BCNPPD-0014,bloom_period,Unknown,pollinator_field_needs_review,Accepted source-attributed evidence is required before this field can become a candidate claim or score input.,needs_review,Blocks PSI readiness.
BCNPPD-0014,floral_resources,Unknown,pollinator_field_needs_review,Accepted source-attributed evidence is required before this field can become a candidate claim or score input.,needs_review,Blocks PSI readiness.
BCNPPD-0014,native_bee_support,Unknown,pollinator_field_needs_review,Accepted source-attributed evidence is required before this field can become a candidate claim or score input.,needs_review,Blocks PSI readiness.
BCNPPD-0014,butterfly_support,Unknown,pollinator_field_needs_review,Accepted source-attributed evidence is required before this field can become a candidate claim or score input.,needs_review,Blocks PSI readiness.
BCNPPD-0014,hummingbird_support,Unknown,pollinator_field_needs_review,Accepted source-attributed evidence is required before this field can become a candidate claim or score input.,needs_review,Blocks PSI readiness.
BCNPPD-0014,specialist_relationships,Unknown,pollinator_field_needs_review,Accepted source-attributed evidence is required before this field can become a candidate claim or score input.,needs_review,Blocks PSI readiness.
BCNPPD-0014,larval_host_use,Unknown,pollinator_field_needs_review,Accepted source-attributed evidence is required before this field can become a candidate claim or score input.,needs_review,Blocks PSI readiness.
BCNPPD-0015,bloom_period,Unknown,pollinator_field_needs_review,Accepted source-attributed evidence is required before this field can become a candidate claim or score input.,needs_review,Blocks PSI readiness.
BCNPPD-0015,floral_resources,Unknown,pollinator_field_needs_review,Accepted source-attributed evidence is required before this field can become a candidate claim or score input.,needs_review,Blocks PSI readiness.
BCNPPD-0015,native_bee_support,Unknown,pollinator_field_needs_review,Accepted source-attributed evidence is required before this field can become a candidate claim or score input.,needs_review,Blocks PSI readiness.
BCNPPD-0015,butterfly_support,Unknown,pollinator_field_needs_review,Accepted source-attributed evidence is required before this field can become a candidate claim or score input.,needs_review,Blocks PSI readiness.
BCNPPD-0015,hummingbird_support,Unknown,pollinator_field_needs_review,Accepted source-attributed evidence is required before this field can become a candidate claim or score input.,needs_review,Blocks PSI readiness.
BCNPPD-0015,specialist_relationships,Unknown,pollinator_field_needs_review,Accepted source-attributed evidence is required before this field can become a candidate claim or score input.,needs_review,Blocks PSI readiness.
BCNPPD-0015,larval_host_use,Unknown,pollinator_field_needs_review,Accepted source-attributed evidence is required before this field can become a candidate claim or score input.,needs_review,Blocks PSI readiness.
BCNPPD-0016,bloom_period,Unknown,pollinator_field_needs_review,Accepted source-attributed evidence is required before this field can become a candidate claim or score input.,needs_review,Blocks PSI readiness.
BCNPPD-0016,floral_resources,Unknown,pollinator_field_needs_review,Accepted source-attributed evidence is required before this field can become a candidate claim or score input.,needs_review,Blocks PSI readiness.
BCNPPD-0016,native_bee_support,Unknown,pollinator_field_needs_review,Accepted source-attributed evidence is required before this field can become a candidate claim or score input.,needs_review,Blocks PSI readiness.
BCNPPD-0016,butterfly_support,Unknown,pollinator_field_needs_review,Accepted source-attributed evidence is required before this field can become a candidate claim or score input.,needs_review,Blocks PSI readiness.
BCNPPD-0016,hummingbird_support,Unknown,pollinator_field_needs_review,Accepted source-attributed evidence is required before this field can become a candidate claim or score input.,needs_review,Blocks PSI readiness.
BCNPPD-0016,specialist_relationships,Unknown,pollinator_field_needs_review,Accepted source-attributed evidence is required before this field can become a candidate claim or score input.,needs_review,Blocks PSI readiness.
BCNPPD-0016,larval_host_use,Unknown,pollinator_field_needs_review,Accepted source-attributed evidence is required before this field can become a candidate claim or score input.,needs_review,Blocks PSI readiness.
BCNPPD-0017,bloom_period,Unknown,pollinator_field_needs_review,Accepted source-attributed evidence is required before this field can become a candidate claim or score input.,needs_review,Blocks PSI readiness.
BCNPPD-0017,floral_resources,Unknown,pollinator_field_needs_review,Accepted source-attributed evidence is required before this field can become a candidate claim or score input.,needs_review,Blocks PSI readiness.
BCNPPD-0017,native_bee_support,Unknown,pollinator_field_needs_review,Accepted source-attributed evidence is required before this field can become a candidate claim or score input.,needs_review,Blocks PSI readiness.
BCNPPD-0017,butterfly_support,Unknown,pollinator_field_needs_review,Accepted source-attributed evidence is required before this field can become a candidate claim or score input.,needs_review,Blocks PSI readiness.
BCNPPD-0017,hummingbird_support,Unknown,pollinator_field_needs_review,Accepted source-attributed evidence is required before this field can become a candidate claim or score input.,needs_review,Blocks PSI readiness.
BCNPPD-0017,specialist_relationships,Unknown,pollinator_field_needs_review,Accepted source-attributed evidence is required before this field can become a candidate claim or score input.,needs_review,Blocks PSI readiness.
BCNPPD-0017,larval_host_use,Unknown,pollinator_field_needs_review,Accepted source-attributed evidence is required before this field can become a candidate claim or score input.,needs_review,Blocks PSI readiness.
BCNPPD-0018,bloom_period,Unknown,pollinator_field_needs_review,Accepted source-attributed evidence is required before this field can become a candidate claim or score input.,needs_review,Blocks PSI readiness.
BCNPPD-0018,floral_resources,Unknown,pollinator_field_needs_review,Accepted source-attributed evidence is required before this field can become a candidate claim or score input.,needs_review,Blocks PSI readiness.
BCNPPD-0018,native_bee_support,Unknown,pollinator_field_needs_review,Accepted source-attributed evidence is required before this field can become a candidate claim or score input.,needs_review,Blocks PSI readiness.
BCNPPD-0018,butterfly_support,Unknown,pollinator_field_needs_review,Accepted source-attributed evidence is required before this field can become a candidate claim or score input.,needs_review,Blocks PSI readiness.
BCNPPD-0018,hummingbird_support,Unknown,pollinator_field_needs_review,Accepted source-attributed evidence is required before this field can become a candidate claim or score input.,needs_review,Blocks PSI readiness.
BCNPPD-0018,specialist_relationships,Unknown,pollinator_field_needs_review,Accepted source-attributed evidence is required before this field can become a candidate claim or score input.,needs_review,Blocks PSI readiness.
BCNPPD-0018,larval_host_use,Unknown,pollinator_field_needs_review,Accepted source-attributed evidence is required before this field can become a candidate claim or score input.,needs_review,Blocks PSI readiness.
BCNPPD-0019,bloom_period,Unknown,pollinator_field_needs_review,Accepted source-attributed evidence is required before this field can become a candidate claim or score input.,needs_review,Blocks PSI readiness.
BCNPPD-0019,floral_resources,Unknown,pollinator_field_needs_review,Accepted source-attributed evidence is required before this field can become a candidate claim or score input.,needs_review,Blocks PSI readiness.
BCNPPD-0019,native_bee_support,Unknown,pollinator_field_needs_review,Accepted source-attributed evidence is required before this field can become a candidate claim or score input.,needs_review,Blocks PSI readiness.
BCNPPD-0019,butterfly_support,Unknown,pollinator_field_needs_review,Accepted source-attributed evidence is required before this field can become a candidate claim or score input.,needs_review,Blocks PSI readiness.
BCNPPD-0019,hummingbird_support,Unknown,pollinator_field_needs_review,Accepted source-attributed evidence is required before this field can become a candidate claim or score input.,needs_review,Blocks PSI readiness.
BCNPPD-0019,specialist_relationships,Unknown,pollinator_field_needs_review,Accepted source-attributed evidence is required before this field can become a candidate claim or score input.,needs_review,Blocks PSI readiness.
BCNPPD-0019,larval_host_use,Unknown,pollinator_field_needs_review,Accepted source-attributed evidence is required before this field can become a candidate claim or score input.,needs_review,Blocks PSI readiness.
BCNPPD-0020,bloom_period,Unknown,pollinator_field_needs_review,Accepted source-attributed evidence is required before this field can become a candidate claim or score input.,needs_review,Blocks PSI readiness.
BCNPPD-0020,floral_resources,Unknown,pollinator_field_needs_review,Accepted source-attributed evidence is required before this field can become a candidate claim or score input.,needs_review,Blocks PSI readiness.
BCNPPD-0020,native_bee_support,Unknown,pollinator_field_needs_review,Accepted source-attributed evidence is required before this field can become a candidate claim or score input.,needs_review,Blocks PSI readiness.
BCNPPD-0020,butterfly_support,Unknown,pollinator_field_needs_review,Accepted source-attributed evidence is required before this field can become a candidate claim or score input.,needs_review,Blocks PSI readiness.
BCNPPD-0020,hummingbird_support,Unknown,pollinator_field_needs_review,Accepted source-attributed evidence is required before this field can become a candidate claim or score input.,needs_review,Blocks PSI readiness.
BCNPPD-0020,specialist_relationships,Unknown,pollinator_field_needs_review,Accepted source-attributed evidence is required before this field can become a candidate claim or score input.,needs_review,Blocks PSI readiness.
BCNPPD-0020,larval_host_use,Unknown,pollinator_field_needs_review,Accepted source-attributed evidence is required before this field can become a candidate claim or score input.,needs_review,Blocks PSI readiness.
BCNPPD-0021,bloom_period,Unknown,pollinator_field_needs_review,Accepted source-attributed evidence is required before this field can become a candidate claim or score input.,needs_review,Blocks PSI readiness.
BCNPPD-0021,floral_resources,Unknown,pollinator_field_needs_review,Accepted source-attributed evidence is required before this field can become a candidate claim or score input.,needs_review,Blocks PSI readiness.
BCNPPD-0021,native_bee_support,Unknown,pollinator_field_needs_review,Accepted source-attributed evidence is required before this field can become a candidate claim or score input.,needs_review,Blocks PSI readiness.
BCNPPD-0021,butterfly_support,Unknown,pollinator_field_needs_review,Accepted source-attributed evidence is required before this field can become a candidate claim or score input.,needs_review,Blocks PSI readiness.
BCNPPD-0021,hummingbird_support,Unknown,pollinator_field_needs_review,Accepted source-attributed evidence is required before this field can become a candidate claim or score input.,needs_review,Blocks PSI readiness.
BCNPPD-0021,specialist_relationships,Unknown,pollinator_field_needs_review,Accepted source-attributed evidence is required before this field can become a candidate claim or score input.,needs_review,Blocks PSI readiness.
BCNPPD-0021,larval_host_use,Unknown,pollinator_field_needs_review,Accepted source-attributed evidence is required before this field can become a candidate claim or score input.,needs_review,Blocks PSI readiness.
BCNPPD-0022,bloom_period,Unknown,pollinator_field_needs_review,Accepted source-attributed evidence is required before this field can become a candidate claim or score input.,needs_review,Blocks PSI readiness.
BCNPPD-0022,floral_resources,Unknown,pollinator_field_needs_review,Accepted source-attributed evidence is required before this field can become a candidate claim or score input.,needs_review,Blocks PSI readiness.
BCNPPD-0022,native_bee_support,Unknown,pollinator_field_needs_review,Accepted source-attributed evidence is required before this field can become a candidate claim or score input.,needs_review,Blocks PSI readiness.
BCNPPD-0022,butterfly_support,Unknown,pollinator_field_needs_review,Accepted source-attributed evidence is required before this field can become a candidate claim or score input.,needs_review,Blocks PSI readiness.
BCNPPD-0022,hummingbird_support,Unknown,pollinator_field_needs_review,Accepted source-attributed evidence is required before this field can become a candidate claim or score input.,needs_review,Blocks PSI readiness.
BCNPPD-0022,specialist_relationships,Unknown,pollinator_field_needs_review,Accepted source-attributed evidence is required before this field can become a candidate claim or score input.,needs_review,Blocks PSI readiness.
BCNPPD-0022,larval_host_use,Unknown,pollinator_field_needs_review,Accepted source-attributed evidence is required before this field can become a candidate claim or score input.,needs_review,Blocks PSI readiness.
BCNPPD-0023,bloom_period,Unknown,pollinator_field_needs_review,Accepted source-attributed evidence is required before this field can become a candidate claim or score input.,needs_review,Blocks PSI readiness.
BCNPPD-0023,floral_resources,Unknown,pollinator_field_needs_review,Accepted source-attributed evidence is required before this field can become a candidate claim or score input.,needs_review,Blocks PSI readiness.
BCNPPD-0023,native_bee_support,Unknown,pollinator_field_needs_review,Accepted source-attributed evidence is required before this field can become a candidate claim or score input.,needs_review,Blocks PSI readiness.
BCNPPD-0023,butterfly_support,Unknown,pollinator_field_needs_review,Accepted source-attributed evidence is required before this field can become a candidate claim or score input.,needs_review,Blocks PSI readiness.
BCNPPD-0023,hummingbird_support,Unknown,pollinator_field_needs_review,Accepted source-attributed evidence is required before this field can become a candidate claim or score input.,needs_review,Blocks PSI readiness.
BCNPPD-0023,specialist_relationships,Unknown,pollinator_field_needs_review,Accepted source-attributed evidence is required before this field can become a candidate claim or score input.,needs_review,Blocks PSI readiness.
BCNPPD-0023,larval_host_use,Unknown,pollinator_field_needs_review,Accepted source-attributed evidence is required before this field can become a candidate claim or score input.,needs_review,Blocks PSI readiness.
BCNPPD-0024,bloom_period,Unknown,pollinator_field_needs_review,Accepted source-attributed evidence is required before this field can become a candidate claim or score input.,needs_review,Blocks PSI readiness.
BCNPPD-0024,floral_resources,Unknown,pollinator_field_needs_review,Accepted source-attributed evidence is required before this field can become a candidate claim or score input.,needs_review,Blocks PSI readiness.
BCNPPD-0024,native_bee_support,Unknown,pollinator_field_needs_review,Accepted source-attributed evidence is required before this field can become a candidate claim or score input.,needs_review,Blocks PSI readiness.
BCNPPD-0024,butterfly_support,Unknown,pollinator_field_needs_review,Accepted source-attributed evidence is required before this field can become a candidate claim or score input.,needs_review,Blocks PSI readiness.
BCNPPD-0024,hummingbird_support,Unknown,pollinator_field_needs_review,Accepted source-attributed evidence is required before this field can become a candidate claim or score input.,needs_review,Blocks PSI readiness.
BCNPPD-0024,specialist_relationships,Unknown,pollinator_field_needs_review,Accepted source-attributed evidence is required before this field can become a candidate claim or score input.,needs_review,Blocks PSI readiness.
BCNPPD-0024,larval_host_use,Unknown,pollinator_field_needs_review,Accepted source-attributed evidence is required before this field can become a candidate claim or score input.,needs_review,Blocks PSI readiness.
BCNPPD-0025,bloom_period,Unknown,pollinator_field_needs_review,Accepted source-attributed evidence is required before this field can become a candidate claim or score input.,needs_review,Blocks PSI readiness.
BCNPPD-0025,floral_resources,Unknown,pollinator_field_needs_review,Accepted source-attributed evidence is required before this field can become a candidate claim or score input.,needs_review,Blocks PSI readiness.
BCNPPD-0025,native_bee_support,Unknown,pollinator_field_needs_review,Accepted source-attributed evidence is required before this field can become a candidate claim or score input.,needs_review,Blocks PSI readiness.
BCNPPD-0025,butterfly_support,Unknown,pollinator_field_needs_review,Accepted source-attributed evidence is required before this field can become a candidate claim or score input.,needs_review,Blocks PSI readiness.
BCNPPD-0025,hummingbird_support,Unknown,pollinator_field_needs_review,Accepted source-attributed evidence is required before this field can become a candidate claim or score input.,needs_review,Blocks PSI readiness.
BCNPPD-0025,specialist_relationships,Unknown,pollinator_field_needs_review,Accepted source-attributed evidence is required before this field can become a candidate claim or score input.,needs_review,Blocks PSI readiness.
BCNPPD-0025,larval_host_use,Unknown,pollinator_field_needs_review,Accepted source-attributed evidence is required before this field can become a candidate claim or score input.,needs_review,Blocks PSI readiness.
BCNPPD-0026,bloom_period,Unknown,pollinator_field_needs_review,Accepted source-attributed evidence is required before this field can become a candidate claim or score input.,needs_review,Blocks PSI readiness.
BCNPPD-0026,floral_resources,Unknown,pollinator_field_needs_review,Accepted source-attributed evidence is required before this field can become a candidate claim or score input.,needs_review,Blocks PSI readiness.
BCNPPD-0026,native_bee_support,Unknown,pollinator_field_needs_review,Accepted source-attributed evidence is required before this field can become a candidate claim or score input.,needs_review,Blocks PSI readiness.
BCNPPD-0026,butterfly_support,Unknown,pollinator_field_needs_review,Accepted source-attributed evidence is required before this field can become a candidate claim or score input.,needs_review,Blocks PSI readiness.
BCNPPD-0026,hummingbird_support,Unknown,pollinator_field_needs_review,Accepted source-attributed evidence is required before this field can become a candidate claim or score input.,needs_review,Blocks PSI readiness.
BCNPPD-0026,specialist_relationships,Unknown,pollinator_field_needs_review,Accepted source-attributed evidence is required before this field can become a candidate claim or score input.,needs_review,Blocks PSI readiness.
BCNPPD-0026,larval_host_use,Unknown,pollinator_field_needs_review,Accepted source-attributed evidence is required before this field can become a candidate claim or score input.,needs_review,Blocks PSI readiness.
BCNPPD-0027,bloom_period,Unknown,pollinator_field_needs_review,Accepted source-attributed evidence is required before this field can become a candidate claim or score input.,needs_review,Blocks PSI readiness.
BCNPPD-0027,floral_resources,Unknown,pollinator_field_needs_review,Accepted source-attributed evidence is required before this field can become a candidate claim or score input.,needs_review,Blocks PSI readiness.
BCNPPD-0027,native_bee_support,Unknown,pollinator_field_needs_review,Accepted source-attributed evidence is required before this field can become a candidate claim or score input.,needs_review,Blocks PSI readiness.
BCNPPD-0027,butterfly_support,Unknown,pollinator_field_needs_review,Accepted source-attributed evidence is required before this field can become a candidate claim or score input.,needs_review,Blocks PSI readiness.
BCNPPD-0027,hummingbird_support,Unknown,pollinator_field_needs_review,Accepted source-attributed evidence is required before this field can become a candidate claim or score input.,needs_review,Blocks PSI readiness.
BCNPPD-0027,specialist_relationships,Unknown,pollinator_field_needs_review,Accepted source-attributed evidence is required before this field can become a candidate claim or score input.,needs_review,Blocks PSI readiness.
BCNPPD-0027,larval_host_use,Unknown,pollinator_field_needs_review,Accepted source-attributed evidence is required before this field can become a candidate claim or score input.,needs_review,Blocks PSI readiness.
BCNPPD-0028,bloom_period,Unknown,pollinator_field_needs_review,Accepted source-attributed evidence is required before this field can become a candidate claim or score input.,needs_review,Blocks PSI readiness.
BCNPPD-0028,floral_resources,Unknown,pollinator_field_needs_review,Accepted source-attributed evidence is required before this field can become a candidate claim or score input.,needs_review,Blocks PSI readiness.
BCNPPD-0028,native_bee_support,Unknown,pollinator_field_needs_review,Accepted source-attributed evidence is required before this field can become a candidate claim or score input.,needs_review,Blocks PSI readiness.
BCNPPD-0028,butterfly_support,Unknown,pollinator_field_needs_review,Accepted source-attributed evidence is required before this field can become a candidate claim or score input.,needs_review,Blocks PSI readiness.
BCNPPD-0028,hummingbird_support,Unknown,pollinator_field_needs_review,Accepted source-attributed evidence is required before this field can become a candidate claim or score input.,needs_review,Blocks PSI readiness.
BCNPPD-0028,specialist_relationships,Unknown,pollinator_field_needs_review,Accepted source-attributed evidence is required before this field can become a candidate claim or score input.,needs_review,Blocks PSI readiness.
BCNPPD-0028,larval_host_use,Unknown,pollinator_field_needs_review,Accepted source-attributed evidence is required before this field can become a candidate claim or score input.,needs_review,Blocks PSI readiness.
BCNPPD-0029,bloom_period,Unknown,pollinator_field_needs_review,Accepted source-attributed evidence is required before this field can become a candidate claim or score input.,needs_review,Blocks PSI readiness.
BCNPPD-0029,floral_resources,Unknown,pollinator_field_needs_review,Accepted source-attributed evidence is required before this field can become a candidate claim or score input.,needs_review,Blocks PSI readiness.
BCNPPD-0029,native_bee_support,Unknown,pollinator_field_needs_review,Accepted source-attributed evidence is required before this field can become a candidate claim or score input.,needs_review,Blocks PSI readiness.
BCNPPD-0029,butterfly_support,Unknown,pollinator_field_needs_review,Accepted source-attributed evidence is required before this field can become a candidate claim or score input.,needs_review,Blocks PSI readiness.
BCNPPD-0029,hummingbird_support,Unknown,pollinator_field_needs_review,Accepted source-attributed evidence is required before this field can become a candidate claim or score input.,needs_review,Blocks PSI readiness.
BCNPPD-0029,specialist_relationships,Unknown,pollinator_field_needs_review,Accepted source-attributed evidence is required before this field can become a candidate claim or score input.,needs_review,Blocks PSI readiness.
BCNPPD-0029,larval_host_use,Unknown,pollinator_field_needs_review,Accepted source-attributed evidence is required before this field can become a candidate claim or score input.,needs_review,Blocks PSI readiness.
BCNPPD-0030,bloom_period,Unknown,pollinator_field_needs_review,Accepted source-attributed evidence is required before this field can become a candidate claim or score input.,needs_review,Blocks PSI readiness.
BCNPPD-0030,floral_resources,Unknown,pollinator_field_needs_review,Accepted source-attributed evidence is required before this field can become a candidate claim or score input.,needs_review,Blocks PSI readiness.
BCNPPD-0030,native_bee_support,Unknown,pollinator_field_needs_review,Accepted source-attributed evidence is required before this field can become a candidate claim or score input.,needs_review,Blocks PSI readiness.
BCNPPD-0030,butterfly_support,Unknown,pollinator_field_needs_review,Accepted source-attributed evidence is required before this field can become a candidate claim or score input.,needs_review,Blocks PSI readiness.
BCNPPD-0030,hummingbird_support,Unknown,pollinator_field_needs_review,Accepted source-attributed evidence is required before this field can become a candidate claim or score input.,needs_review,Blocks PSI readiness.
BCNPPD-0030,specialist_relationships,Unknown,pollinator_field_needs_review,Accepted source-attributed evidence is required before this field can become a candidate claim or score input.,needs_review,Blocks PSI readiness.
BCNPPD-0030,larval_host_use,Unknown,pollinator_field_needs_review,Accepted source-attributed evidence is required before this field can become a candidate claim or score input.,needs_review,Blocks PSI readiness.
BCNPPD-0031,bloom_period,Unknown,pollinator_field_needs_review,Accepted source-attributed evidence is required before this field can become a candidate claim or score input.,needs_review,Blocks PSI readiness.
BCNPPD-0031,floral_resources,Unknown,pollinator_field_needs_review,Accepted source-attributed evidence is required before this field can become a candidate claim or score input.,needs_review,Blocks PSI readiness.
BCNPPD-0031,native_bee_support,Unknown,pollinator_field_needs_review,Accepted source-attributed evidence is required before this field can become a candidate claim or score input.,needs_review,Blocks PSI readiness.
BCNPPD-0031,butterfly_support,Unknown,pollinator_field_needs_review,Accepted source-attributed evidence is required before this field can become a candidate claim or score input.,needs_review,Blocks PSI readiness.
BCNPPD-0031,hummingbird_support,Unknown,pollinator_field_needs_review,Accepted source-attributed evidence is required before this field can become a candidate claim or score input.,needs_review,Blocks PSI readiness.
BCNPPD-0031,specialist_relationships,Unknown,pollinator_field_needs_review,Accepted source-attributed evidence is required before this field can become a candidate claim or score input.,needs_review,Blocks PSI readiness.
BCNPPD-0031,larval_host_use,Unknown,pollinator_field_needs_review,Accepted source-attributed evidence is required before this field can become a candidate claim or score input.,needs_review,Blocks PSI readiness.
BCNPPD-0032,bloom_period,Unknown,pollinator_field_needs_review,Accepted source-attributed evidence is required before this field can become a candidate claim or score input.,needs_review,Blocks PSI readiness.
BCNPPD-0032,floral_resources,Unknown,pollinator_field_needs_review,Accepted source-attributed evidence is required before this field can become a candidate claim or score input.,needs_review,Blocks PSI readiness.
BCNPPD-0032,native_bee_support,Unknown,pollinator_field_needs_review,Accepted source-attributed evidence is required before this field can become a candidate claim or score input.,needs_review,Blocks PSI readiness.
BCNPPD-0032,butterfly_support,Unknown,pollinator_field_needs_review,Accepted source-attributed evidence is required before this field can become a candidate claim or score input.,needs_review,Blocks PSI readiness.
BCNPPD-0032,hummingbird_support,Unknown,pollinator_field_needs_review,Accepted source-attributed evidence is required before this field can become a candidate claim or score input.,needs_review,Blocks PSI readiness.
BCNPPD-0032,specialist_relationships,Unknown,pollinator_field_needs_review,Accepted source-attributed evidence is required before this field can become a candidate claim or score input.,needs_review,Blocks PSI readiness.
BCNPPD-0032,larval_host_use,Unknown,pollinator_field_needs_review,Accepted source-attributed evidence is required before this field can become a candidate claim or score input.,needs_review,Blocks PSI readiness.
BCNPPD-0033,bloom_period,Unknown,pollinator_field_needs_review,Accepted source-attributed evidence is required before this field can become a candidate claim or score input.,needs_review,Blocks PSI readiness.
BCNPPD-0033,floral_resources,Unknown,pollinator_field_needs_review,Accepted source-attributed evidence is required before this field can become a candidate claim or score input.,needs_review,Blocks PSI readiness.
BCNPPD-0033,native_bee_support,Unknown,pollinator_field_needs_review,Accepted source-attributed evidence is required before this field can become a candidate claim or score input.,needs_review,Blocks PSI readiness.
BCNPPD-0033,butterfly_support,Unknown,pollinator_field_needs_review,Accepted source-attributed evidence is required before this field can become a candidate claim or score input.,needs_review,Blocks PSI readiness.
BCNPPD-0033,hummingbird_support,Unknown,pollinator_field_needs_review,Accepted source-attributed evidence is required before this field can become a candidate claim or score input.,needs_review,Blocks PSI readiness.
BCNPPD-0033,specialist_relationships,Unknown,pollinator_field_needs_review,Accepted source-attributed evidence is required before this field can become a candidate claim or score input.,needs_review,Blocks PSI readiness.
BCNPPD-0033,larval_host_use,Unknown,pollinator_field_needs_review,Accepted source-attributed evidence is required before this field can become a candidate claim or score input.,needs_review,Blocks PSI readiness.
BCNPPD-0034,bloom_period,Unknown,pollinator_field_needs_review,Accepted source-attributed evidence is required before this field can become a candidate claim or score input.,needs_review,Blocks PSI readiness.
BCNPPD-0034,floral_resources,Unknown,pollinator_field_needs_review,Accepted source-attributed evidence is required before this field can become a candidate claim or score input.,needs_review,Blocks PSI readiness.
BCNPPD-0034,native_bee_support,Unknown,pollinator_field_needs_review,Accepted source-attributed evidence is required before this field can become a candidate claim or score input.,needs_review,Blocks PSI readiness.
BCNPPD-0034,butterfly_support,Unknown,pollinator_field_needs_review,Accepted source-attributed evidence is required before this field can become a candidate claim or score input.,needs_review,Blocks PSI readiness.
BCNPPD-0034,hummingbird_support,Unknown,pollinator_field_needs_review,Accepted source-attributed evidence is required before this field can become a candidate claim or score input.,needs_review,Blocks PSI readiness.
BCNPPD-0034,specialist_relationships,Unknown,pollinator_field_needs_review,Accepted source-attributed evidence is required before this field can become a candidate claim or score input.,needs_review,Blocks PSI readiness.
BCNPPD-0034,larval_host_use,Unknown,pollinator_field_needs_review,Accepted source-attributed evidence is required before this field can become a candidate claim or score input.,needs_review,Blocks PSI readiness.
BCNPPD-0035,bloom_period,Unknown,pollinator_field_needs_review,Accepted source-attributed evidence is required before this field can become a candidate claim or score input.,needs_review,Blocks PSI readiness.
BCNPPD-0035,floral_resources,Unknown,pollinator_field_needs_review,Accepted source-attributed evidence is required before this field can become a candidate claim or score input.,needs_review,Blocks PSI readiness.
BCNPPD-0035,native_bee_support,Unknown,pollinator_field_needs_review,Accepted source-attributed evidence is required before this field can become a candidate claim or score input.,needs_review,Blocks PSI readiness.
BCNPPD-0035,butterfly_support,Unknown,pollinator_field_needs_review,Accepted source-attributed evidence is required before this field can become a candidate claim or score input.,needs_review,Blocks PSI readiness.
BCNPPD-0035,hummingbird_support,Unknown,pollinator_field_needs_review,Accepted source-attributed evidence is required before this field can become a candidate claim or score input.,needs_review,Blocks PSI readiness.
BCNPPD-0035,specialist_relationships,Unknown,pollinator_field_needs_review,Accepted source-attributed evidence is required before this field can become a candidate claim or score input.,needs_review,Blocks PSI readiness.
BCNPPD-0035,larval_host_use,Unknown,pollinator_field_needs_review,Accepted source-attributed evidence is required before this field can become a candidate claim or score input.,needs_review,Blocks PSI readiness.
BCNPPD-0036,bloom_period,Unknown,pollinator_field_needs_review,Accepted source-attributed evidence is required before this field can become a candidate claim or score input.,needs_review,Blocks PSI readiness.
BCNPPD-0036,floral_resources,Unknown,pollinator_field_needs_review,Accepted source-attributed evidence is required before this field can become a candidate claim or score input.,needs_review,Blocks PSI readiness.
BCNPPD-0036,native_bee_support,Unknown,pollinator_field_needs_review,Accepted source-attributed evidence is required before this field can become a candidate claim or score input.,needs_review,Blocks PSI readiness.
BCNPPD-0036,butterfly_support,Unknown,pollinator_field_needs_review,Accepted source-attributed evidence is required before this field can become a candidate claim or score input.,needs_review,Blocks PSI readiness.
BCNPPD-0036,hummingbird_support,Unknown,pollinator_field_needs_review,Accepted source-attributed evidence is required before this field can become a candidate claim or score input.,needs_review,Blocks PSI readiness.
BCNPPD-0036,specialist_relationships,Unknown,pollinator_field_needs_review,Accepted source-attributed evidence is required before this field can become a candidate claim or score input.,needs_review,Blocks PSI readiness.
BCNPPD-0036,larval_host_use,Unknown,pollinator_field_needs_review,Accepted source-attributed evidence is required before this field can become a candidate claim or score input.,needs_review,Blocks PSI readiness.
BCNPPD-0037,bloom_period,Unknown,pollinator_field_needs_review,Accepted source-attributed evidence is required before this field can become a candidate claim or score input.,needs_review,Blocks PSI readiness.
BCNPPD-0037,floral_resources,Unknown,pollinator_field_needs_review,Accepted source-attributed evidence is required before this field can become a candidate claim or score input.,needs_review,Blocks PSI readiness.
BCNPPD-0037,native_bee_support,Unknown,pollinator_field_needs_review,Accepted source-attributed evidence is required before this field can become a candidate claim or score input.,needs_review,Blocks PSI readiness.
BCNPPD-0037,butterfly_support,Unknown,pollinator_field_needs_review,Accepted source-attributed evidence is required before this field can become a candidate claim or score input.,needs_review,Blocks PSI readiness.
BCNPPD-0037,hummingbird_support,Unknown,pollinator_field_needs_review,Accepted source-attributed evidence is required before this field can become a candidate claim or score input.,needs_review,Blocks PSI readiness.
BCNPPD-0037,specialist_relationships,Unknown,pollinator_field_needs_review,Accepted source-attributed evidence is required before this field can become a candidate claim or score input.,needs_review,Blocks PSI readiness.
BCNPPD-0037,larval_host_use,Unknown,pollinator_field_needs_review,Accepted source-attributed evidence is required before this field can become a candidate claim or score input.,needs_review,Blocks PSI readiness.
BCNPPD-0038,bloom_period,Unknown,pollinator_field_needs_review,Accepted source-attributed evidence is required before this field can become a candidate claim or score input.,needs_review,Blocks PSI readiness.
BCNPPD-0038,floral_resources,Unknown,pollinator_field_needs_review,Accepted source-attributed evidence is required before this field can become a candidate claim or score input.,needs_review,Blocks PSI readiness.
BCNPPD-0038,native_bee_support,Unknown,pollinator_field_needs_review,Accepted source-attributed evidence is required before this field can become a candidate claim or score input.,needs_review,Blocks PSI readiness.
BCNPPD-0038,butterfly_support,Unknown,pollinator_field_needs_review,Accepted source-attributed evidence is required before this field can become a candidate claim or score input.,needs_review,Blocks PSI readiness.
BCNPPD-0038,hummingbird_support,Unknown,pollinator_field_needs_review,Accepted source-attributed evidence is required before this field can become a candidate claim or score input.,needs_review,Blocks PSI readiness.
BCNPPD-0038,specialist_relationships,Unknown,pollinator_field_needs_review,Accepted source-attributed evidence is required before this field can become a candidate claim or score input.,needs_review,Blocks PSI readiness.
BCNPPD-0038,larval_host_use,Unknown,pollinator_field_needs_review,Accepted source-attributed evidence is required before this field can become a candidate claim or score input.,needs_review,Blocks PSI readiness.
BCNPPD-0039,bloom_period,Unknown,pollinator_field_needs_review,Accepted source-attributed evidence is required before this field can become a candidate claim or score input.,needs_review,Blocks PSI readiness.
BCNPPD-0039,floral_resources,Unknown,pollinator_field_needs_review,Accepted source-attributed evidence is required before this field can become a candidate claim or score input.,needs_review,Blocks PSI readiness.
BCNPPD-0039,native_bee_support,Unknown,pollinator_field_needs_review,Accepted source-attributed evidence is required before this field can become a candidate claim or score input.,needs_review,Blocks PSI readiness.
BCNPPD-0039,butterfly_support,Unknown,pollinator_field_needs_review,Accepted source-attributed evidence is required before this field can become a candidate claim or score input.,needs_review,Blocks PSI readiness.
BCNPPD-0039,hummingbird_support,Unknown,pollinator_field_needs_review,Accepted source-attributed evidence is required before this field can become a candidate claim or score input.,needs_review,Blocks PSI readiness.
BCNPPD-0039,specialist_relationships,Unknown,pollinator_field_needs_review,Accepted source-attributed evidence is required before this field can become a candidate claim or score input.,needs_review,Blocks PSI readiness.
BCNPPD-0039,larval_host_use,Unknown,pollinator_field_needs_review,Accepted source-attributed evidence is required before this field can become a candidate claim or score input.,needs_review,Blocks PSI readiness.
BCNPPD-0040,bloom_period,Unknown,pollinator_field_needs_review,Accepted source-attributed evidence is required before this field can become a candidate claim or score input.,needs_review,Blocks PSI readiness.
BCNPPD-0040,floral_resources,Unknown,pollinator_field_needs_review,Accepted source-attributed evidence is required before this field can become a candidate claim or score input.,needs_review,Blocks PSI readiness.
BCNPPD-0040,native_bee_support,Unknown,pollinator_field_needs_review,Accepted source-attributed evidence is required before this field can become a candidate claim or score input.,needs_review,Blocks PSI readiness.
BCNPPD-0040,butterfly_support,Unknown,pollinator_field_needs_review,Accepted source-attributed evidence is required before this field can become a candidate claim or score input.,needs_review,Blocks PSI readiness.
BCNPPD-0040,hummingbird_support,Unknown,pollinator_field_needs_review,Accepted source-attributed evidence is required before this field can become a candidate claim or score input.,needs_review,Blocks PSI readiness.
BCNPPD-0040,specialist_relationships,Unknown,pollinator_field_needs_review,Accepted source-attributed evidence is required before this field can become a candidate claim or score input.,needs_review,Blocks PSI readiness.
BCNPPD-0040,larval_host_use,Unknown,pollinator_field_needs_review,Accepted source-attributed evidence is required before this field can become a candidate claim or score input.,needs_review,Blocks PSI readiness.
BCNPPD-0041,bloom_period,Unknown,pollinator_field_needs_review,Accepted source-attributed evidence is required before this field can become a candidate claim or score input.,needs_review,Blocks PSI readiness.
BCNPPD-0041,floral_resources,Unknown,pollinator_field_needs_review,Accepted source-attributed evidence is required before this field can become a candidate claim or score input.,needs_review,Blocks PSI readiness.
BCNPPD-0041,native_bee_support,Unknown,pollinator_field_needs_review,Accepted source-attributed evidence is required before this field can become a candidate claim or score input.,needs_review,Blocks PSI readiness.
BCNPPD-0041,butterfly_support,Unknown,pollinator_field_needs_review,Accepted source-attributed evidence is required before this field can become a candidate claim or score input.,needs_review,Blocks PSI readiness.
BCNPPD-0041,hummingbird_support,Unknown,pollinator_field_needs_review,Accepted source-attributed evidence is required before this field can become a candidate claim or score input.,needs_review,Blocks PSI readiness.
BCNPPD-0041,specialist_relationships,Unknown,pollinator_field_needs_review,Accepted source-attributed evidence is required before this field can become a candidate claim or score input.,needs_review,Blocks PSI readiness.
BCNPPD-0041,larval_host_use,Unknown,pollinator_field_needs_review,Accepted source-attributed evidence is required before this field can become a candidate claim or score input.,needs_review,Blocks PSI readiness.
BCNPPD-0042,bloom_period,Unknown,pollinator_field_needs_review,Accepted source-attributed evidence is required before this field can become a candidate claim or score input.,needs_review,Blocks PSI readiness.
BCNPPD-0042,floral_resources,Unknown,pollinator_field_needs_review,Accepted source-attributed evidence is required before this field can become a candidate claim or score input.,needs_review,Blocks PSI readiness.
BCNPPD-0042,native_bee_support,Unknown,pollinator_field_needs_review,Accepted source-attributed evidence is required before this field can become a candidate claim or score input.,needs_review,Blocks PSI readiness.
BCNPPD-0042,butterfly_support,Unknown,pollinator_field_needs_review,Accepted source-attributed evidence is required before this field can become a candidate claim or score input.,needs_review,Blocks PSI readiness.
BCNPPD-0042,hummingbird_support,Unknown,pollinator_field_needs_review,Accepted source-attributed evidence is required before this field can become a candidate claim or score input.,needs_review,Blocks PSI readiness.
BCNPPD-0042,specialist_relationships,Unknown,pollinator_field_needs_review,Accepted source-attributed evidence is required before this field can become a candidate claim or score input.,needs_review,Blocks PSI readiness.
BCNPPD-0042,larval_host_use,Unknown,pollinator_field_needs_review,Accepted source-attributed evidence is required before this field can become a candidate claim or score input.,needs_review,Blocks PSI readiness.
BCNPPD-0043,bloom_period,Unknown,pollinator_field_needs_review,Accepted source-attributed evidence is required before this field can become a candidate claim or score input.,needs_review,Blocks PSI readiness.
BCNPPD-0043,floral_resources,Unknown,pollinator_field_needs_review,Accepted source-attributed evidence is required before this field can become a candidate claim or score input.,needs_review,Blocks PSI readiness.
BCNPPD-0043,native_bee_support,Unknown,pollinator_field_needs_review,Accepted source-attributed evidence is required before this field can become a candidate claim or score input.,needs_review,Blocks PSI readiness.
BCNPPD-0043,butterfly_support,Unknown,pollinator_field_needs_review,Accepted source-attributed evidence is required before this field can become a candidate claim or score input.,needs_review,Blocks PSI readiness.
BCNPPD-0043,hummingbird_support,Unknown,pollinator_field_needs_review,Accepted source-attributed evidence is required before this field can become a candidate claim or score input.,needs_review,Blocks PSI readiness.
BCNPPD-0043,specialist_relationships,Unknown,pollinator_field_needs_review,Accepted source-attributed evidence is required before this field can become a candidate claim or score input.,needs_review,Blocks PSI readiness.
BCNPPD-0043,larval_host_use,Unknown,pollinator_field_needs_review,Accepted source-attributed evidence is required before this field can become a candidate claim or score input.,needs_review,Blocks PSI readiness.
BCNPPD-0044,bloom_period,Unknown,pollinator_field_needs_review,Accepted source-attributed evidence is required before this field can become a candidate claim or score input.,needs_review,Blocks PSI readiness.
BCNPPD-0044,floral_resources,Unknown,pollinator_field_needs_review,Accepted source-attributed evidence is required before this field can become a candidate claim or score input.,needs_review,Blocks PSI readiness.
BCNPPD-0044,native_bee_support,Unknown,pollinator_field_needs_review,Accepted source-attributed evidence is required before this field can become a candidate claim or score input.,needs_review,Blocks PSI readiness.
BCNPPD-0044,butterfly_support,Unknown,pollinator_field_needs_review,Accepted source-attributed evidence is required before this field can become a candidate claim or score input.,needs_review,Blocks PSI readiness.
BCNPPD-0044,hummingbird_support,Unknown,pollinator_field_needs_review,Accepted source-attributed evidence is required before this field can become a candidate claim or score input.,needs_review,Blocks PSI readiness.
BCNPPD-0044,specialist_relationships,Unknown,pollinator_field_needs_review,Accepted source-attributed evidence is required before this field can become a candidate claim or score input.,needs_review,Blocks PSI readiness.
BCNPPD-0044,larval_host_use,Unknown,pollinator_field_needs_review,Accepted source-attributed evidence is required before this field can become a candidate claim or score input.,needs_review,Blocks PSI readiness.
BCNPPD-0045,bloom_period,Unknown,pollinator_field_needs_review,Accepted source-attributed evidence is required before this field can become a candidate claim or score input.,needs_review,Blocks PSI readiness.
BCNPPD-0045,floral_resources,Unknown,pollinator_field_needs_review,Accepted source-attributed evidence is required before this field can become a candidate claim or score input.,needs_review,Blocks PSI readiness.
BCNPPD-0045,native_bee_support,Unknown,pollinator_field_needs_review,Accepted source-attributed evidence is required before this field can become a candidate claim or score input.,needs_review,Blocks PSI readiness.
BCNPPD-0045,butterfly_support,Unknown,pollinator_field_needs_review,Accepted source-attributed evidence is required before this field can become a candidate claim or score input.,needs_review,Blocks PSI readiness.
BCNPPD-0045,hummingbird_support,Unknown,pollinator_field_needs_review,Accepted source-attributed evidence is required before this field can become a candidate claim or score input.,needs_review,Blocks PSI readiness.
BCNPPD-0045,specialist_relationships,Unknown,pollinator_field_needs_review,Accepted source-attributed evidence is required before this field can become a candidate claim or score input.,needs_review,Blocks PSI readiness.
BCNPPD-0045,larval_host_use,Unknown,pollinator_field_needs_review,Accepted source-attributed evidence is required before this field can become a candidate claim or score input.,needs_review,Blocks PSI readiness.
BCNPPD-0046,bloom_period,Unknown,pollinator_field_needs_review,Accepted source-attributed evidence is required before this field can become a candidate claim or score input.,needs_review,Blocks PSI readiness.
BCNPPD-0046,floral_resources,Unknown,pollinator_field_needs_review,Accepted source-attributed evidence is required before this field can become a candidate claim or score input.,needs_review,Blocks PSI readiness.
BCNPPD-0046,native_bee_support,Unknown,pollinator_field_needs_review,Accepted source-attributed evidence is required before this field can become a candidate claim or score input.,needs_review,Blocks PSI readiness.
BCNPPD-0046,butterfly_support,Unknown,pollinator_field_needs_review,Accepted source-attributed evidence is required before this field can become a candidate claim or score input.,needs_review,Blocks PSI readiness.
BCNPPD-0046,hummingbird_support,Unknown,pollinator_field_needs_review,Accepted source-attributed evidence is required before this field can become a candidate claim or score input.,needs_review,Blocks PSI readiness.
BCNPPD-0046,specialist_relationships,Unknown,pollinator_field_needs_review,Accepted source-attributed evidence is required before this field can become a candidate claim or score input.,needs_review,Blocks PSI readiness.
BCNPPD-0046,larval_host_use,Unknown,pollinator_field_needs_review,Accepted source-attributed evidence is required before this field can become a candidate claim or score input.,needs_review,Blocks PSI readiness.
BCNPPD-0047,bloom_period,Unknown,pollinator_field_needs_review,Accepted source-attributed evidence is required before this field can become a candidate claim or score input.,needs_review,Blocks PSI readiness.
BCNPPD-0047,floral_resources,Unknown,pollinator_field_needs_review,Accepted source-attributed evidence is required before this field can become a candidate claim or score input.,needs_review,Blocks PSI readiness.
BCNPPD-0047,native_bee_support,Unknown,pollinator_field_needs_review,Accepted source-attributed evidence is required before this field can become a candidate claim or score input.,needs_review,Blocks PSI readiness.
BCNPPD-0047,butterfly_support,Unknown,pollinator_field_needs_review,Accepted source-attributed evidence is required before this field can become a candidate claim or score input.,needs_review,Blocks PSI readiness.
BCNPPD-0047,hummingbird_support,Unknown,pollinator_field_needs_review,Accepted source-attributed evidence is required before this field can become a candidate claim or score input.,needs_review,Blocks PSI readiness.
BCNPPD-0047,specialist_relationships,Unknown,pollinator_field_needs_review,Accepted source-attributed evidence is required before this field can become a candidate claim or score input.,needs_review,Blocks PSI readiness.
BCNPPD-0047,larval_host_use,Unknown,pollinator_field_needs_review,Accepted source-attributed evidence is required before this field can become a candidate claim or score input.,needs_review,Blocks PSI readiness.
BCNPPD-0048,bloom_period,Unknown,pollinator_field_needs_review,Accepted source-attributed evidence is required before this field can become a candidate claim or score input.,needs_review,Blocks PSI readiness.
BCNPPD-0048,floral_resources,Unknown,pollinator_field_needs_review,Accepted source-attributed evidence is required before this field can become a candidate claim or score input.,needs_review,Blocks PSI readiness.
BCNPPD-0048,native_bee_support,Unknown,pollinator_field_needs_review,Accepted source-attributed evidence is required before this field can become a candidate claim or score input.,needs_review,Blocks PSI readiness.
BCNPPD-0048,butterfly_support,Unknown,pollinator_field_needs_review,Accepted source-attributed evidence is required before this field can become a candidate claim or score input.,needs_review,Blocks PSI readiness.
BCNPPD-0048,hummingbird_support,Unknown,pollinator_field_needs_review,Accepted source-attributed evidence is required before this field can become a candidate claim or score input.,needs_review,Blocks PSI readiness.
BCNPPD-0048,specialist_relationships,Unknown,pollinator_field_needs_review,Accepted source-attributed evidence is required before this field can become a candidate claim or score input.,needs_review,Blocks PSI readiness.
BCNPPD-0048,larval_host_use,Unknown,pollinator_field_needs_review,Accepted source-attributed evidence is required before this field can become a candidate claim or score input.,needs_review,Blocks PSI readiness.
BCNPPD-0049,bloom_period,Unknown,pollinator_field_needs_review,Accepted source-attributed evidence is required before this field can become a candidate claim or score input.,needs_review,Blocks PSI readiness.
BCNPPD-0049,floral_resources,Unknown,pollinator_field_needs_review,Accepted source-attributed evidence is required before this field can become a candidate claim or score input.,needs_review,Blocks PSI readiness.
BCNPPD-0049,native_bee_support,Unknown,pollinator_field_needs_review,Accepted source-attributed evidence is required before this field can become a candidate claim or score input.,needs_review,Blocks PSI readiness.
BCNPPD-0049,butterfly_support,Unknown,pollinator_field_needs_review,Accepted source-attributed evidence is required before this field can become a candidate claim or score input.,needs_review,Blocks PSI readiness.
BCNPPD-0049,hummingbird_support,Unknown,pollinator_field_needs_review,Accepted source-attributed evidence is required before this field can become a candidate claim or score input.,needs_review,Blocks PSI readiness.
BCNPPD-0049,specialist_relationships,Unknown,pollinator_field_needs_review,Accepted source-attributed evidence is required before this field can become a candidate claim or score input.,needs_review,Blocks PSI readiness.
BCNPPD-0049,larval_host_use,Unknown,pollinator_field_needs_review,Accepted source-attributed evidence is required before this field can become a candidate claim or score input.,needs_review,Blocks PSI readiness.
BCNPPD-0050,bloom_period,Unknown,pollinator_field_needs_review,Accepted source-attributed evidence is required before this field can become a candidate claim or score input.,needs_review,Blocks PSI readiness.
BCNPPD-0050,floral_resources,Unknown,pollinator_field_needs_review,Accepted source-attributed evidence is required before this field can become a candidate claim or score input.,needs_review,Blocks PSI readiness.
BCNPPD-0050,native_bee_support,Unknown,pollinator_field_needs_review,Accepted source-attributed evidence is required before this field can become a candidate claim or score input.,needs_review,Blocks PSI readiness.
BCNPPD-0050,butterfly_support,Unknown,pollinator_field_needs_review,Accepted source-attributed evidence is required before this field can become a candidate claim or score input.,needs_review,Blocks PSI readiness.
BCNPPD-0050,hummingbird_support,Unknown,pollinator_field_needs_review,Accepted source-attributed evidence is required before this field can become a candidate claim or score input.,needs_review,Blocks PSI readiness.
BCNPPD-0050,specialist_relationships,Unknown,pollinator_field_needs_review,Accepted source-attributed evidence is required before this field can become a candidate claim or score input.,needs_review,Blocks PSI readiness.
BCNPPD-0050,larval_host_use,Unknown,pollinator_field_needs_review,Accepted source-attributed evidence is required before this field can become a candidate claim or score input.,needs_review,Blocks PSI readiness.
BCNPPD-0051,bloom_period,Unknown,pollinator_field_needs_review,Accepted source-attributed evidence is required before this field can become a candidate claim or score input.,needs_review,Blocks PSI readiness.
BCNPPD-0051,floral_resources,Unknown,pollinator_field_needs_review,Accepted source-attributed evidence is required before this field can become a candidate claim or score input.,needs_review,Blocks PSI readiness.
BCNPPD-0051,native_bee_support,Unknown,pollinator_field_needs_review,Accepted source-attributed evidence is required before this field can become a candidate claim or score input.,needs_review,Blocks PSI readiness.
BCNPPD-0051,butterfly_support,Unknown,pollinator_field_needs_review,Accepted source-attributed evidence is required before this field can become a candidate claim or score input.,needs_review,Blocks PSI readiness.
BCNPPD-0051,hummingbird_support,Unknown,pollinator_field_needs_review,Accepted source-attributed evidence is required before this field can become a candidate claim or score input.,needs_review,Blocks PSI readiness.
BCNPPD-0051,specialist_relationships,Unknown,pollinator_field_needs_review,Accepted source-attributed evidence is required before this field can become a candidate claim or score input.,needs_review,Blocks PSI readiness.
BCNPPD-0051,larval_host_use,Unknown,pollinator_field_needs_review,Accepted source-attributed evidence is required before this field can become a candidate claim or score input.,needs_review,Blocks PSI readiness.
BCNPPD-0052,bloom_period,Unknown,pollinator_field_needs_review,Accepted source-attributed evidence is required before this field can become a candidate claim or score input.,needs_review,Blocks PSI readiness.
BCNPPD-0052,floral_resources,Unknown,pollinator_field_needs_review,Accepted source-attributed evidence is required before this field can become a candidate claim or score input.,needs_review,Blocks PSI readiness.
BCNPPD-0052,native_bee_support,Unknown,pollinator_field_needs_review,Accepted source-attributed evidence is required before this field can become a candidate claim or score input.,needs_review,Blocks PSI readiness.
BCNPPD-0052,butterfly_support,Unknown,pollinator_field_needs_review,Accepted source-attributed evidence is required before this field can become a candidate claim or score input.,needs_review,Blocks PSI readiness.
BCNPPD-0052,hummingbird_support,Unknown,pollinator_field_needs_review,Accepted source-attributed evidence is required before this field can become a candidate claim or score input.,needs_review,Blocks PSI readiness.
BCNPPD-0052,specialist_relationships,Unknown,pollinator_field_needs_review,Accepted source-attributed evidence is required before this field can become a candidate claim or score input.,needs_review,Blocks PSI readiness.
BCNPPD-0052,larval_host_use,Unknown,pollinator_field_needs_review,Accepted source-attributed evidence is required before this field can become a candidate claim or score input.,needs_review,Blocks PSI readiness.
BCNPPD-0053,bloom_period,Unknown,pollinator_field_needs_review,Accepted source-attributed evidence is required before this field can become a candidate claim or score input.,needs_review,Blocks PSI readiness.
BCNPPD-0053,floral_resources,Unknown,pollinator_field_needs_review,Accepted source-attributed evidence is required before this field can become a candidate claim or score input.,needs_review,Blocks PSI readiness.
BCNPPD-0053,native_bee_support,Unknown,pollinator_field_needs_review,Accepted source-attributed evidence is required before this field can become a candidate claim or score input.,needs_review,Blocks PSI readiness.
BCNPPD-0053,butterfly_support,Unknown,pollinator_field_needs_review,Accepted source-attributed evidence is required before this field can become a candidate claim or score input.,needs_review,Blocks PSI readiness.
BCNPPD-0053,hummingbird_support,Unknown,pollinator_field_needs_review,Accepted source-attributed evidence is required before this field can become a candidate claim or score input.,needs_review,Blocks PSI readiness.
BCNPPD-0053,specialist_relationships,Unknown,pollinator_field_needs_review,Accepted source-attributed evidence is required before this field can become a candidate claim or score input.,needs_review,Blocks PSI readiness.
BCNPPD-0053,larval_host_use,Unknown,pollinator_field_needs_review,Accepted source-attributed evidence is required before this field can become a candidate claim or score input.,needs_review,Blocks PSI readiness.
